# Country	ISO	MCCMNC	Operator
Albania	al	27601	ONE
Algeria	dz	60301	Mobilis
Andorra	ad	21303	Andorra Telecom
Angola	ao	63102	Unitel
Antigua and Barbuda	ag	344920	Flow
Argentina	ar	722310	Claro
Armenia	am	28305	Team Telecom
Australia	au	50501	Telstra
Austria	at	23201	A1 Telekom
Azerbaijan	az	40001	Azercell
Bahamas	bs	364030	BTC
Bangladesh	bd	47001	Grameenphone
Barbados	bb	342600	Flow
Belarus	by	25701	A1
Belgium	be	20601	Proximus
Belize	bz	70267	DigiCell
Benin	bj	61603	MTN
Bermuda	bm	35000	One Communications
Bhutan	bt	40211	B-Mobile
Bolivia	bo	73602	Entel
Bosnia and Herzegovina	ba	21805	m:tel
Botswana	bw	65201	Mascom
Brazil	br	72406	Vivo
Brunei	bn	52811	DST
Bulgaria	bg	28401	A1 Bulgaria
Burkina Faso	bf	61301	Onatel
Burundi	bi	64201	Econet
Cambodia	kh	45601	Cellcard
Cameroon	cm	62401	MTN
Canada	ca	302720	Rogers
Cape Verde	cv	62501	CV Móvel
Central African Republic	cf	62301	Telecel
Chad	td	62201	Airtel
Chile	cl	73001	Entel
Colombia	co	732101	Claro
Comoros	km	65401	Comores Telecom
Costa Rica	cr	71201	ICE
Croatia	hr	21901	Hrvatski Telekom
Cyprus	cy	28001	Cytamobile-Vodafone
Czechia	cz	23001	T-Mobile
Denmark	dk	23801	TDC
Djibouti	dj	63801	Evatis
Dominica	dm	366110	Flow
Dominican Republic	do	37001	Claro
DR Congo	cd	63001	Vodacom
Ecuador	ec	74001	Claro
Egypt	eg	60202	Vodafone
El Salvador	sv	70603	Tigo
Equatorial Guinea	gq	62701	Getesa
Eritrea	er	65701	EriTel
Estonia	ee	24801	Telia
Eswatini	sz	65310	MTN
Ethiopia	et	63601	Ethio Telecom
Fiji	fj	54201	Vodafone
Finland	fi	24405	Elisa
France	fr	20801	Orange
French Guiana	gf	34001	Orange
French Polynesia	pf	54720	Vini
Gabon	ga	62801	Libertis
Gambia	gm	60702	Africell
Georgia	ge	28202	MagtiCom
Germany	de	26201	Telekom
Ghana	gh	62001	MTN
Greece	gr	20201	Cosmote
Greenland	gl	29001	Tele Greenland
Grenada	gd	352110	Flow
Guadeloupe	gp	34001	Orange
Guatemala	gt	70402	Tigo
Guinea	gn	61101	Orange
Guinea-Bissau	gw	63203	Orange
Guyana	gy	73801	GTT
Haiti	ht	37203	Natcom
Honduras	hn	708002	Tigo
Hong Kong	hk	45400	CSL
Hungary	hu	21630	Telekom
Iceland	is	27401	Síminn
Indonesia	id	51010	Telkomsel
Iraq	iq	41805	Asiacell
Ireland	ie	27201	Vodafone
Israel	il	42501	Partner
Italy	it	22201	TIM
Ivory Coast	ci	61203	Orange
Jamaica	jm	338050	Digicel
Japan	jp	44010	NTT docomo
Jordan	jo	41601	Zain
Kazakhstan	kz	40101	Beeline
Kenya	ke	63902	Safaricom
Kiribati	ki	54501	ATHKL
Kuwait	kw	41902	Zain
Laos	la	45701	Lao Telecom
Latvia	lv	24701	LMT
Lebanon	lb	41501	Alfa
Lesotho	ls	65101	Vodacom
Liberia	lr	61801	Lonestar
Liechtenstein	li	29501	Swisscom
Lithuania	lt	24601	Telia
Luxembourg	lu	27001	POST
Macau	mo	45501	CTM
Madagascar	mg	64604	Telma
Malawi	mw	65001	TNM
Malaysia	my	50212	Maxis
Maldives	mv	47201	Dhiraagu
Mali	ml	61001	Malitel
Malta	mt	27801	Epic
Marshall Islands	mh	55101	NTA
Martinique	mq	34001	Orange
Mauritania	mr	60901	Mauritel
Mauritius	mu	61701	my.t
Mayotte	yt	64710	SFR
Mexico	mx	334020	Telcel
Micronesia	fm	55001	FSMTC
Moldova	md	25901	Orange
Monaco	mc	21201	Monaco Telecom
Mongolia	mn	42899	Mobicom
Montenegro	me	29703	m:tel
Morocco	ma	60401	Maroc Telecom
Mozambique	mz	64301	mcel
Myanmar	mm	41401	MPT
Namibia	na	64901	MTC
Nauru	nr	53602	Digicel
Nepal	np	42901	NTC
Netherlands	nl	20404	Vodafone
New Caledonia	nc	54601	Mobilis
New Zealand	nz	53001	One NZ
Nicaragua	ni	71021	Claro
Niger	ne	61402	Airtel
Nigeria	ng	62130	MTN
North Macedonia	mk	29401	Makedonski Telekom
Norway	no	24201	Telenor
Oman	om	42202	Omantel
Pakistan	pk	41001	Jazz
Palau	pw	55201	PNCC
Panama	pa	71401	Cable & Wireless
Papua New Guinea	pg	53701	Digicel
Paraguay	py	74404	Tigo
Peru	pe	71610	Movistar
Philippines	ph	51502	Globe
Poland	pl	26003	Orange
Portugal	pt	26801	MEO
Puerto Rico	pr	330110	Claro
Qatar	qa	42701	Ooredoo
Republic of the Congo	cg	62910	MTN
Reunion	re	64700	Orange
Romania	ro	22610	Orange
Rwanda	rw	63510	MTN
Saint Kitts and Nevis	kn	356110	Flow
Saint Lucia	lc	358110	Flow
Samoa	ws	54901	Digicel
San Marino	sm	29201	TMS
Sao Tome and Principe	st	62601	CST
Saudi Arabia	sa	42001	STC
Senegal	sn	60801	Orange
Serbia	rs	22003	mts
Seychelles	sc	63301	Cable & Wireless
Sierra Leone	sl	61901	Orange
Singapore	sg	52501	Singtel
Slovakia	sk	23101	Orange
Slovenia	si	29341	Telekom Slovenije
Solomon Islands	sb	54001	Our Telekom
South Africa	za	65501	Vodacom
South Korea	kr	45005	SK Telecom
South Sudan	ss	65902	MTN
Spain	es	21401	Movistar
Sri Lanka	lk	41301	Mobitel
St. Vincent and the Grenadines	vc	360110	Flow
Sudan	sd	63401	Zain
Suriname	sr	74602	Telesur
Sweden	se	24001	Telia
Switzerland	ch	22801	Swisscom
Tajikistan	tj	43601	Tcell
Tanzania	tz	64004	Vodacom
Thailand	th	52001	AIS
Timor-Leste	tl	51402	Telemor
Togo	tg	61501	Togocel
Tonga	to	53943	Digicel
Trinidad and Tobago	tt	374130	Digicel
Tunisia	tn	60502	Tunisie Telecom
Turkey	tr	28601	Turkcell
Tuvalu	tv	55301	TTC
Uganda	ug	64110	MTN
Ukraine	ua	25503	Kyivstar
United Arab Emirates	ae	42402	Etisalat
United Kingdom	gb	23410	O2
United States	us	310260	T-Mobile
Uruguay	uy	74801	Antel
Uzbekistan	uz	43404	Beeline
Vanuatu	vu	54105	Digicel
Venezuela	ve	73404	Movistar
Vietnam	vn	45204	Viettel
Zambia	zm	64501	Airtel
Zimbabwe	zw	64804	Econet
